競技,名前,フリガナ,部門,性別,郵便番号,県,メールアドレス
回転,東野 朋美,トウノ トモミ,中学生,女,716-3144,愛知県,gRnkwl@test.com
回転,矢沢 絢乃,ヤザワ アヤノ,中学生,女,318-5969,鳥取県,BmClc@sample.net
回転,安倍 容子,ヤスベ ヨウコ,中学生,女,751-5822,和歌山県,rtdP9GQ8@sample.net
回転,神谷 勇夫,コウヤ イサオ,中学生,男,932-8135,大阪府,Yzw0a@sample.jp
回転,野津 譲,ノヅ ユズル,中学生,男,667-5822,山梨県,I2s_IfAE3@test.org
大回転,早田 栄美,ソウダ エミ,中学生,女,853-4281,千葉県,RyLV3r@test.jp
大回転,平岡 博満,ヒラオカ ヒロミツ,中学生,男,889-2892,石川県,KjU1L@example.jp
大回転,牛島 広,ウシジマ ヒロシ,中学生,男,553-5319,広島県,LJis1JyO@sample.co.jp
大回転,樋渡 亨治,ヒワタシ ミチハル,中学生,男,723-7254,秋田県,aackn0Z@test.co.jp
大回転,菅田 浩寿,スガタ ヒロヒサ,中学生,男,883-0206,群馬県,NzeL6@sample.com
大回転,都築 風花,トツギ フウカ,中学生,女,810-8765,山口県,BI3N3nF_Bb@test.jp
大回転,井村 音々,イノムラ ネネ,中学生,女,535-9690,神奈川県,R1XpcZw@sample.org
ジャンプ,本村 亜希,ホンムラ アキ,中学生,女,545-5338,鳥取県,uJhGYZhf6@sample.org
ジャンプ,坪田 寛之,ツボタ ヒロユキ,中学生,男,680-6143,奈良県,AZuyUTv@example.com
ジャンプ,吉川 英彦,キチカワ ヒデヒコ,中学生,男,095-1174,群馬県,iads6VB7P@sample.net
ジャンプ,吉岡 肇,ヨシオカ ハジメ,中学生,男,594-2507,秋田県,ImSx9DD@example.net
回転,萩原 朋香,ハギワラ トモカ,高校生,女,603-4773,島根県,PNzi_HN7bT@test.jp
回転,間瀬 富夫,マセ トミオ,高校生,男,780-8820,鳥取県,XTx_X48@example.net
回転,直井 亜希子,ナオイ アキコ,高校生,女,829-3083,群馬県,SaTit0C44@example.net
回転,西野 麻紀,ニシノ マキ,高校生,女,042-5617,神奈川県,xeMABjFug@sample.com
回転,鮫島 咲良,サメジマ サラ,高校生,女,738-6024,山梨県,iaQPI@test.co.jp
回転,高浜 幸一郎,タカハマ コウイチロウ,高校生,男,383-5369,福島県,tgxBG9XyF@sample.co.jp
回転,香月 義治,カゲツ ヨシハル,高校生,男,770-6611,東京都,jmpnCIGO5@test.com
大回転,松川 寛子,マツカワ ヒロコ,高校生,女,943-4612,香川県,PrROIYXh_@test.org
大回転,菱田 明音,ヒシダ アカネ,高校生,女,297-5818,香川県,jIy2m@sample.jp
大回転,桑山 等,クワヤマ ヒトシ,高校生,男,982-3426,福島県,vRXv7QI6@test.net
大回転,黒須 大介,クロス ダイスケ,高校生,男,632-2960,静岡県,VAH1AM@sample.org
大回転,石垣 隆志,イシガキ タカシ,高校生,男,168-8127,大分県,Ldib2@example.co.jp
大回転,西川 吉明,ニシカワ ヨシアキ,高校生,男,527-1016,滋賀県,bMnKyshgS2@sample.com
大回転,宮沢 竹男,ミヤザワ タケオ,高校生,男,676-0374,島根県,Ac79BfWZ@sample.com
複合,栗林 陽花,クリバヤシ ハルカ,高校生,女,003-0525,大分県,mxuzp@sample.jp
複合,乾 桜,イヌイ サクラ,高校生,女,674-2367,愛媛県,u8egRKw@example.net
複合,横山 恵一,ヨコヤマ ケイイチ,高校生,男,531-9255,鳥取県,ozbg5yjjs@sample.jp
ジャンプ,青田 幸彦,アオタ ユキヒコ,高校生,男,482-2542,石川県,aQp4JBrELE@example.co.jp
ジャンプ,須賀 信太郎,スガ シンタロウ,高校生,男,205-6669,青森県,fdHaNL0Mnz@sample.jp
ジャンプ,早田 厚,ハヤタ アツシ,高校生,男,490-4137,宮城県,kYQrmxM@example.co.jp
ジャンプ,三橋 講一,ミツハシ コウイチ,高校生,男,305-7763,青森県,TRf0eV@sample.com
ジャンプ,中野 麗,ナカノ ウララ,高校生,女,168-0965,愛媛県,kcfzVW@sample.co.jp
回転,佐瀬 正広,サセ マサヒロ,大学生,男,889-2485,富山県,p1dbJLID@sample.org
回転,飯塚 勝義,イイツカ カツヨシ,大学生,男,834-6127,長崎県,g6R4Pl67@test.jp
回転,大友 剣一,オオトモ ケンイチ,大学生,男,916-6170,愛媛県,P3YqRtr@sample.net
回転,小松 睦美,コマツ ムツミ,大学生,女,184-5208,愛媛県,Otbxv3w@example.jp
回転,日向 伸子,ヒナタ ノブコ,大学生,女,782-7525,栃木県,Ef6_1icWPp@example.com
回転,東 泰夫,ヒガシ ヤスオ,大学生,男,739-6814,長崎県,fpa0A@sample.jp
回転,乾 欧子,イヌイ ヒロコ,大学生,女,411-3994,岡山県,WTnmZ3ooF8@example.co.jp
回転,白土 金作,シラト キンサク,大学生,男,517-0924,三重県,thTCgQ@example.com
回転,寺本 春吉,テラモト ハルキチ,大学生,男,913-0782,愛媛県,q_j8qHgvG@example.co.jp
回転,大久保 美幸,オオクボ ミユキ,大学生,女,247-0519,福島県,ifv63YMfwv@sample.jp
回転,城戸 亜子,シロト アコ,大学生,女,468-9755,福岡県,xkoSl5OLn@test.com
回転,上林 紀夫,ウエバヤシ ノリオ,大学生,男,365-8820,岡山県,FdObSOPF@sample.net
回転,石岡 誠,イシオカ マコト,大学生,男,481-2812,高知県,iI8FW@sample.jp
回転,北 典大,キタ ノリヒロ,大学生,男,109-2179,福井県,xph4k9aue@example.org
回転,新 時男,アタラシ トキオ,大学生,男,579-3511,茨城県,gx0XZ@sample.net
回転,白坂 香里,シラサカ カオリ,大学生,女,916-0674,和歌山県,CuV9R@test.co.jp
回転,中屋 金次郎,ナカヤ キンジロウ,大学生,男,936-3569,愛媛県,FmrVkMGB@sample.com
回転,岩田 健太,イワタ ケンタ,大学生,男,314-4553,東京都,nja7Xq@test.com
回転,花房 啓子,ハナフサ ケイコ,大学生,女,025-5985,愛知県,pDsDtlQW@test.org
回転,木山 麻里子,キヤマ マリコ,大学生,女,324-2626,愛知県,GgtGA0K@test.jp
回転,対馬 華絵,ツシマ カエ,大学生,女,561-1524,佐賀県,qK4Jcj@sample.co.jp
回転,小村 宏之,オムラ ヒロユキ,大学生,男,803-6119,福井県,vghkRWquBg@example.jp
回転,三森 重夫,サンモリ シゲオ,大学生,男,909-4613,福井県,qm5oNqZ@sample.org
回転,一戸 喜弘,イチヘ ヨシヒロ,大学生,男,852-2926,佐賀県,gZyTarX3Y@test.org
回転,日野 初太郎,ヒノ ハツタロウ,大学生,男,932-9564,和歌山県,TsTfi@example.co.jp
回転,椎名 哲美,シイナ テツミ,大学生,女,979-2039,福岡県,QxUyl7@test.net
回転,神戸 朱莉,コウベ アカリ,大学生,女,132-6609,広島県,DN5tr@sample.net
回転,箕輪 紅葉,ミワ クレハ,大学生,女,565-1612,広島県,rrTMxKyWo@test.co.jp
大回転,石谷 陽香,イシガヤ ハルカ,大学生,女,789-4891,愛媛県,lxnUT@sample.jp
大回転,佐原 利佳,サハラ リカ,大学生,女,860-3505,高知県,dV_mz@sample.com
大回転,鬼頭 広志,オニガシラ ヒロシ,大学生,男,444-8385,大分県,Lc_HEl_Y@example.org
大回転,関 結香,セキ ユイカ,大学生,女,746-2686,香川県,ckQIis@sample.org
大回転,梅田 利郎,ウメタ トシロウ,大学生,男,119-8269,神奈川県,RwYrw8@sample.com
大回転,坂野 真理子,サカノ マリコ,大学生,女,451-9366,大阪府,V98_p5@sample.com
大回転,森脇 宗男,モリワキ ムネオ,大学生,男,297-2160,福島県,R1pzEe@example.org
大回転,梶山 千明,カジヤマ チアキ,大学生,女,600-9525,愛知県,KGZuIY@sample.jp
大回転,土肥 蓮,ツチゴエ レン,大学生,女,587-5575,山口県,udqguBI@example.co.jp
大回転,桑野 善一,クワノ ゼンイチ,大学生,男,646-1179,三重県,eUBLvTo@example.org
大回転,羽田 洋文,ハタ ヒロフミ,大学生,男,874-5712,岩手県,tIhMeenQ@sample.jp
大回転,金城 優太,カネギ ユウタ,大学生,男,582-4514,京都府,EfRybl8I@sample.jp
大回転,仁平 結愛,ニヘイ ユア,大学生,女,020-8904,岡山県,F3IIpVIP@test.net
大回転,中本 和,ナカモト ノドカ,大学生,女,970-0057,富山県,fY8z5@example.net
大回転,生田 美樹,イクタ ミキ,大学生,女,909-6519,埼玉県,VBGoSC@test.com
大回転,白水 梨沙,ハクスイ リサ,大学生,女,125-9232,富山県,XIj94AmJ@test.jp
大回転,臼井 治之,ウスイ ハルユキ,大学生,男,220-2420,三重県,ySrpo1@sample.co.jp
大回転,神保 真結,シンボ マユ,大学生,女,035-8043,徳島県,fjbxdV@test.net
大回転,高垣 良之,タカガキ ヨシユキ,大学生,男,359-2535,山梨県,wFKmpK@example.co.jp
大回転,三沢 昭二,ミサワ ショウジ,大学生,男,683-6257,徳島県,H1ztMuIfZc@test.co.jp
大回転,池野 心咲,イケノ ミサキ,大学生,女,017-7152,大分県,LZUMr@test.jp
複合,館野 奈美,タテノ ナミ,大学生,女,596-0736,島根県,huNVDavv@sample.net
複合,里見 利治,サトミ トシハル,大学生,男,292-4425,高知県,XNqh9sI@test.co.jp
複合,河野 琴乃,コウノ コトノ,大学生,女,938-0883,奈良県,btfCHW@test.net
ジャンプ,梶本 隆吾,カジモト リュウゴ,大学生,男,902-3103,大分県,kc4pe7g3P@example.com
ジャンプ,仁科 百合,ニシナ ユリ,大学生,女,608-1128,北海道,gBVMUujLv@example.org
ジャンプ,末松 昭雄,スエマツ アキオ,大学生,男,287-4504,富山県,fU4Hv@test.co.jp
ジャンプ,比嘉 正利,ヒガ マサトシ,大学生,男,393-1105,北海道,KkoLK@test.co.jp
ジャンプ,滝 珠美,タキ タマミ,大学生,女,108-7932,長野県,iPn3j5Y@test.co.jp
回転,上野 広治,コウズケ ヒロジ,社会人,男,058-3720,岩手県,c0EkID@test.net
回転,桧垣 勝男,ヒガキ カツオ,社会人,男,036-3309,山形県,g6W1l2Mg_Y@test.jp
回転,三輪 豊治,ミワ トヨジ,社会人,男,575-6625,滋賀県,t1lvz@example.net
回転,仲野 順一,ナカノ ジュンイチ,社会人,男,953-7907,佐賀県,jx2Jb@sample.net
回転,立川 春江,タチカワ ハルエ,社会人,女,250-2341,福井県,VJWZHpDTRN@test.co.jp
回転,草野 真澄,クサノ マスミ,社会人,女,449-4615,香川県,pf6klcjI7@example.co.jp
回転,神野 政人,カミノ マサト,社会人,男,865-8086,福岡県,XQwHYWCyWz@example.com
回転,三村 真人,ミムラ マサト,社会人,男,552-9299,神奈川県,Vf7YI3@example.co.jp
回転,星川 利平,ホシカワ リヘイ,社会人,男,201-2220,長野県,O1dBk@test.jp
回転,米田 麗華,コメタ レイカ,社会人,女,015-8035,広島県,GDE5Vy@sample.jp
回転,梅村 千恵子,ウメムラ チエコ,社会人,女,208-9961,愛知県,cOH_vC4B7@example.co.jp
回転,大宮 春香,オオミヤ ハルカ,社会人,女,196-8469,長野県,rU501@example.jp
回転,佐川 実希子,サガワ ミキコ,社会人,女,397-5881,静岡県,EFEjkSazvj@test.co.jp
回転,大城 瑠奈,ダイジョウ ルナ,社会人,女,642-0928,山口県,QJXcnh@test.org
回転,下地 雅宣,シモジ マサノブ,社会人,男,805-2832,愛知県,vQQISF@test.com
回転,古橋 理緒,フルハシ リオ,社会人,女,629-4913,広島県,ddLoMz6gz@sample.jp
回転,川畑 美奈江,カワバタ ミナエ,社会人,女,752-2278,鳥取県,Y7qUU@test.net
回転,越川 玲菜,コシカワ レナ,社会人,女,054-7541,和歌山県,gDpMqC7xOK@test.org
回転,野々村 愛子,ノノムラ アイコ,社会人,女,706-2804,新潟県,XEVwFGQnyR@test.net
回転,氏家 浩幸,ウヂイエ ヒロユキ,社会人,男,897-8821,佐賀県,Qsyavv5u4@example.com
回転,大木 永二,オオキ エイジ,社会人,男,824-4585,大阪府,PKd2zqKZf@sample.net
回転,陶山 涼太,スエヤマ リョウタ,社会人,男,009-2439,秋田県,C8mjk@example.com
回転,神保 涼花,カミホ スズカ,社会人,女,626-3841,神奈川県,WEOXS1nyp@sample.com
回転,寺西 沙也加,テラニシ サヤカ,社会人,女,697-3980,宮崎県,AZavCeOUsL@sample.net
回転,勝又 沙羅,カツマタ サラ,社会人,女,563-1507,大阪府,myob3svJib@example.jp
回転,金原 猛,キンバラ タケシ,社会人,男,164-7445,神奈川県,bd5yu@sample.com
回転,金崎 真琴,カネサキ マコト,社会人,女,241-2688,静岡県,LhEBy@test.co.jp
回転,樋渡 蒼衣,トイワタ アオイ,社会人,女,926-4965,沖縄県,j_TCjldb@example.com
回転,上坂 里緒,カミサカ リオ,社会人,女,641-6004,山口県,ycx8jpobcN@test.co.jp
回転,松沢 愛菜,マツザワ アイナ,社会人,女,815-3527,長野県,f4253Imz@test.net
回転,末松 希美,スエマツ キミ,社会人,女,063-2764,静岡県,LEi3mep@example.com
回転,上地 大樹,ウエチ ダイキ,社会人,男,114-2966,北海道,SsRvgu@example.com
回転,仁木 睦美,ニキ ムツミ,社会人,女,176-0502,石川県,I2KrDBS8J@test.net
回転,向田 碧依,ムキタ アオイ,社会人,女,157-4549,神奈川県,O8kNu@example.com
回転,嵯峨 美和,サガ ミワ,社会人,女,102-3399,大阪府,rtZQ0@example.com
回転,田所 威雄,タドコロ タケオ,社会人,男,674-4528,山梨県,Q3AKgtVO@test.org
回転,生田 亮太,オイダ リョウタ,社会人,男,798-4494,京都府,GTldQBqazn@test.org
大回転,山西 健介,ヤマニシ ケンスケ,社会人,男,998-0460,鹿児島県,H24vkl@test.co.jp
大回転,新倉 浩志,シンクラ コウジ,社会人,男,169-8621,三重県,CKRXcoJYiT@sample.co.jp
大回転,岩尾 明雄,イワオ アキオ,社会人,男,321-6121,福岡県,KX4XfO@test.jp
大回転,黒須 瑠花,クロス ルカ,社会人,女,761-2652,群馬県,QUK_jbGx5@sample.org
大回転,西田 春代,ニシタ ハルヨ,社会人,女,370-0693,石川県,Jya7LwhjtE@test.net
大回転,木村 七海,キムラ ナナミ,社会人,女,413-8291,愛知県,blgfSz18M@test.net
大回転,吉村 早苗,ヨシムラ サナエ,社会人,女,197-4181,群馬県,eVyp7iM@test.com
大回転,秋田 文乃,アキタ アヤノ,社会人,女,017-4021,滋賀県,IBS5XGl@test.com
大回転,大上 健史,オオガミ タケシ,社会人,男,367-8646,岐阜県,hE50PY2@sample.org
大回転,四方 洋晶,シカタ ヒロアキ,社会人,男,188-2325,岐阜県,GEya9oSx@test.co.jp
大回転,南 裕史,ミナミ ヒロシ,社会人,男,486-8167,岐阜県,ow5nx@example.com
大回転,赤羽 宗男,アカバネ ムネオ,社会人,男,423-6335,熊本県,n7D_8@example.com
大回転,福村 義則,フクムラ ヨシノリ,社会人,男,913-3656,兵庫県,eIobpLIk@test.org
大回転,右田 深雪,ミギタ ミユキ,社会人,女,012-8400,佐賀県,Nq2DxEXk@example.co.jp
大回転,脇 円美,ワキ マルミ,社会人,女,331-6028,熊本県,w5sAdFu6m@test.co.jp
大回転,菱田 清蔵,ヒシダ セイゾウ,社会人,男,586-9644,長崎県,qKAduZYq@example.com
大回転,小森 治,コモリ オサム,社会人,男,911-9894,香川県,hLtzqIxI@test.co.jp
大回転,中島 悟,ナカシマ サトシ,社会人,男,287-1296,愛媛県,QFhUJCu@sample.jp
大回転,今田 信雄,イマダ ノブオ,社会人,男,479-4295,福岡県,ohLvob@sample.com
大回転,中沢 茜,ナカザワ アカネ,社会人,女,554-4127,宮崎県,FkGjlY6@example.org
大回転,間宮 真琴,マミヤ マコト,社会人,女,707-6410,埼玉県,BQlGqD44b_@sample.jp
大回転,谷藤 宣政,タニフジ ノブマサ,社会人,男,263-6212,秋田県,oQwYp3Lr@test.co.jp
大回転,成瀬 静江,ナルセ シズエ,社会人,女,717-2031,大阪府,dXGBsQeIxo@example.com
大回転,塚本 紗英,ツカモト サエ,社会人,女,832-8257,島根県,iNbLKUt6@test.jp
大回転,諸岡 凛香,モロオカ リンカ,社会人,女,471-3979,兵庫県,udZPOGkW@example.co.jp
大回転,若井 夏海,ワカイ ナツミ,社会人,女,850-8851,宮崎県,Q0bqvIEObo@test.co.jp
大回転,森井 素子,モリイ モトコ,社会人,女,942-4599,福島県,QPYHW@sample.com
大回転,植田 太陽,ウエタ タイヨウ,社会人,男,250-5856,兵庫県,uggUo@example.co.jp
大回転,石津 美貴,イシヅ ミキ,社会人,女,706-3421,沖縄県,wT69S2J@test.co.jp
大回転,今泉 亮太,イマイズミ リョウタ,社会人,男,133-7219,岩手県,XGp6ZK@example.net
大回転,沢 瑞希,サワ ミズキ,社会人,女,012-5822,石川県,ft3YcGSK7@test.jp
大回転,肥後 力雄,ヒゴ リキオ,社会人,男,172-7789,茨城県,YjmJ3YiV@sample.jp
大回転,宮崎 由香里,ミヤザキ ユカリ,社会人,女,684-6058,滋賀県,RJXEGkzAyh@sample.org
大回転,瓜生 理絵,ウリウ リエ,社会人,女,911-5059,栃木県,J4k7Ve@sample.com
大回転,高岡 博文,タカオカ ヒロフミ,社会人,男,634-9007,山形県,aF8GLy@example.net
大回転,荒木 賢治,アラキ ケンジ,社会人,男,760-1350,長崎県,f3iwBfv@example.co.jp
大回転,戸塚 彩芽,トツカ アヤメ,社会人,女,562-3865,福岡県,vz5EjWOO@example.co.jp
大回転,深井 進,フカイ ススム,社会人,男,542-6511,栃木県,TVBcREV@test.net
複合,白浜 紅葉,シラハマ クレハ,社会人,女,031-0021,富山県,Koku47vrF@sample.net
複合,山名 幸春,ヤマナ ユキハル,社会人,男,687-8541,山形県,svVeLlm@sample.jp
複合,高梨 康男,タカナシ ヤスオ,社会人,男,443-0006,福岡県,dkhqXRyQS@example.org
複合,本間 美奈代,ホンマ ミナヨ,社会人,女,122-3770,佐賀県,E6F0Dd@example.jp
複合,河原 年子,ゴウハラ トシコ,社会人,女,754-2527,北海道,jcjAwo@example.net
複合,山口 知世,ヤマグチ トモヨ,社会人,女,386-8876,熊本県,nCzXr@test.org
複合,岩見 初男,イワミ ハツオ,社会人,男,490-0694,石川県,n2oVkkwy5@sample.jp
複合,高石 颯,タカイシ ソウ,社会人,男,459-3839,広島県,P6ytUGQc@test.co.jp
複合,菅田 真琴,カンタ マコト,社会人,女,355-3829,宮崎県,HR0P2QIrIm@example.com
複合,永山 梨沙,エイヤマ リサ,社会人,女,029-3691,山梨県,X8XNnwLOS@example.co.jp
複合,相澤 成美,アイザワ ナルミ,社会人,女,419-5855,秋田県,gfM8ycG@test.co.jp
複合,豊島 武史,トシマ タケシ,社会人,男,826-4874,広島県,C7FvtUjj@sample.net
複合,鵜飼 千鶴,ウカイ チヅル,社会人,女,362-6224,愛媛県,UTri8ntyK@test.org
複合,井田 紀男,イダ ノリオ,社会人,男,218-6681,栃木県,HnmjO5Gg@sample.net
複合,吉原 英紀,ヨシハラ ヒデノリ,社会人,男,454-3263,長崎県,o8Z0pte@example.co.jp
複合,石崎 沙紀,イシザキ サキ,社会人,女,837-9368,山形県,EuD4Ze63k@sample.jp
複合,本村 哲夫,ホンムラ テツオ,社会人,男,687-0094,新潟県,yt2gBo1AX@example.org
複合,船木 輝子,フナキ テルコ,社会人,女,299-3142,石川県,CLXKdS@sample.jp
複合,笹原 紬,ササハラ ツムギ,社会人,女,483-4320,岩手県,YLXIx5@sample.net
複合,岩尾 誠一,イワオ セイイチ,社会人,男,058-6579,福岡県,J7W_OJq8I@example.org
複合,塚田 清信,ツカダ キヨノブ,社会人,男,821-3705,山口県,fBNba@sample.jp
ジャンプ,新開 恵子,シンカイ ケイコ,社会人,女,234-9348,山口県,s2jNj3pkhv@test.org
ジャンプ,三木 光彦,ミキ ミツヒコ,社会人,男,921-8109,岡山県,qwW0qTz@test.org
ジャンプ,岩永 哲男,イワナガ テツオ,社会人,男,302-5216,富山県,AwMFtkXWo@test.jp
ジャンプ,松山 静江,マツヤマ シズエ,社会人,女,293-5516,滋賀県,OETx_oPPG@example.jp
ジャンプ,真野 忠良,マノ タダヨシ,社会人,男,034-4997,佐賀県,Q_YIWN4b@sample.com
ジャンプ,小寺 秋夫,コデラ アキオ,社会人,男,223-7144,長崎県,AwWqg@test.com
ジャンプ,小路 敏,オミチ サトシ,社会人,男,185-8676,栃木県,JPtaHgn2GR@test.com
ジャンプ,金 初音,キム ハツネ,社会人,女,148-8148,新潟県,f0P7g7@example.com
ジャンプ,羽田 正勝,ハタ マサカツ,社会人,男,225-9999,和歌山県,yew27TRzG@example.org
